Workbook

Sheet MASTER_DATA
A1: Tanggal | B1: Keterangan | C1: Debit | D1: Kredit | E1: Kategori | F1: Sub Kategori | G1: Bulan | H1: Tahun
A2: 01/12 | B2: SALDO | C2: 0 | D2: 18829574 | E2: =IFERROR(LOOKUP(2^15,SEARCH(RULE_KATEGORI!$A$2:$A$100,B2),RULE_KATEGORI!$B$2:$B$100),"OPERASIONAL") | G2: 12 | H2: 2025
A3: 01/12 | B3: BI-FAST CR BIF TRANSFER DR | C3: 600000000 | D3: 618829574 | E3: =IFERROR(LOOKUP(2^15,SEARCH(RULE_KATEGORI!$A$2:$A$100,B3),RULE_KATEGORI!$B$2:$B$100),"OPERASIONAL") | G3: 12 | H3: 2025
A4: 01/12 | B4: BYR VIA E-BANKING 01/12 WSID9527100 | C4: 10300000 | D4: 0 | E4: =IFERROR(LOOKUP(2^15,SEARCH(RULE_KATEGORI!$A$2:$A$100,B4),RULE_KATEGORI!$B$2:$B$100),"OPERASIONAL") | G4: 12 | H4: 2025
A5: 01/12 | B5: TRSF E-BANKING DB 0112/FTSCY/WS95271 | C5: 470000000 | D5: 0 | E5: =IFERROR(LOOKUP(2^15,SEARCH(RULE_KATEGORI!$A$2:$A$100,B5),RULE_KATEGORI!$B$2:$B$100),"OPERASIONAL") | G5: 12 | H5: 2025
A6: 01/12 | B6: TRSF E-BANKING DB 0112/FTFVA/WS95271 | C6: 20000000 | D6: 0 | E6: =IFERROR(LOOKUP(2^15,SEARCH(RULE_KATEGORI!$A$2:$A$100,B6),RULE_KATEGORI!$B$2:$B$100),"OPERASIONAL") | G6: 12 | H6: 2025
A7: 01/12 | B7: TRANSAKSI DEBIT TGL: 01/12 | C7: 35000000 | D7: 0 | E7: =IFERROR(LOOKUP(2^15,SEARCH(RULE_KATEGORI!$A$2:$A$100,B7),RULE_KATEGORI!$B$2:$B$100),"OPERASIONAL") | G7: 12 | H7: 2025
A8: 01/12 | B8: TRSF E-BANKING DB 0112/FTSCY/WS95271 | C8: 30000000 | D8: 0 | E8: =IFERROR(LOOKUP(2^15,SEARCH(RULE_KATEGORI!$A$2:$A$100,B8),RULE_KATEGORI!$B$2:$B$100),"OPERASIONAL") | G8: 12 | H8: 2025
A9: 01/12 | B9: TRSF E-BANKING DB 0112/FTSCY/WS95271 300,000.00 | C9: 0 | D9: 23529574 | E9: =IFERROR(LOOKUP(2^15,SEARCH(RULE_KATEGORI!$A$2:$A$100,B9),RULE_KATEGORI!$B$2:$B$100),"OPERASIONAL") | G9: 12 | H9: 2025
A10: 02/12 | B10: BI-FAST CR BIF TRANSFER | C10: 0 | D10: 15000000 | E10: =IFERROR(LOOKUP(2^15,SEARCH(RULE_KATEGORI!$A$2:$A$100,B10),RULE_KATEGORI!$B$2:$B$100),"OPERASIONAL") | G10: 12 | H10: 2025
A11: 02/12 | B11: BI-FAST CR BIF TRANSFER | C11: 0 | D11: 500000000 | E11: =IFERROR(LOOKUP(2^15,SEARCH(RULE_KATEGORI!$A$2:$A$100,B11),RULE_KATEGORI!$B$2:$B$100),"OPERASIONAL") | G11: 12 | H11: 2025
A12: 02/12 | B12: TRSF E-BANKING DB 0212/FTFVA/WS95271 27,000.00 | C12: 0 | D12: 535829574 | E12: =IFERROR(LOOKUP(2^15,SEARCH(RULE_KATEGORI!$A$2:$A$100,B12),RULE_KATEGORI!$B$2:$B$100),"OPERASIONAL") | G12: 12 | H12: 2025
A13: 71231/XL | B13: PULSA | C13: 0 | D13: 2 | E13: =IFERROR(LOOKUP(2^15,SEARCH(RULE_KATEGORI!$A$2:$A$100,B13),RULE_KATEGORI!$B$2:$B$100),"OPERASIONAL") | G13: 12 | H13: 2025
A14: 02/12 | B14: TRANSAKSI DEBIT TGL: 02/12 50,000.00 | C14: 0 | D14: 530829574 | E14: =IFERROR(LOOKUP(2^15,SEARCH(RULE_KATEGORI!$A$2:$A$100,B14),RULE_KATEGORI!$B$2:$B$100),"OPERASIONAL") | G14: 12 | H14: 2025
A15: 02/12 | B15: TRANSAKSI DEBIT TGL: 02/12 | C15: 3350000 | D15: 0 | E15: =IFERROR(LOOKUP(2^15,SEARCH(RULE_KATEGORI!$A$2:$A$100,B15),RULE_KATEGORI!$B$2:$B$100),"OPERASIONAL") | G15: 12 | H15: 2025
... A26: 06/12 | B26: TRANSAKSI DEBIT TGL: 06/12 10,000.00 | C26: 0 | D26: 5349574 | E26: =IFERROR(LOOKUP(2^15,SEARCH(RULE_KATEGORI!$A$2:$A$100,B26),RULE_KATEGORI!$B$2:$B$100),"OPERASIONAL") | G26: 12 | H26: 2025
A27: 07/12 | B27: SWITCHING CR DR | C27: 451 | D27: 50000000 | E27: =IFERROR(LOOKUP(2^15,SEARCH(RULE_KATEGORI!$A$2:$A$100,B27),RULE_KATEGORI!$B$2:$B$100),"OPERASIONAL") | G27: 12 | H27: 2025
A28: 07/12 | B28: BI-FAST DB BIF TRANSFER KE | C28: 10000000 | D28: 0 | E28: =IFERROR(LOOKUP(2^15,SEARCH(RULE_KATEGORI!$A$2:$A$100,B28),RULE_KATEGORI!$B$2:$B$100),"OPERASIONAL") | G28: 12 | H28: 2025
A29: 07/12 | B29: BI-FAST DB BIF BIAYA TXN KE | C29: 250000 | D29: 0 | E29: =IFERROR(LOOKUP(2^15,SEARCH(RULE_KATEGORI!$A$2:$A$100,B29),RULE_KATEGORI!$B$2:$B$100),"OPERASIONAL") | G29: 12 | H29: 2025
A30: 07/12 | B30: TRSF E-BANKING DB 0712/FTFVA/WS95271 51,000.00 | C30: 0 | D30: 39999574 | E30: =IFERROR(LOOKUP(2^15,SEARCH(RULE_KATEGORI!$A$2:$A$100,B30),RULE_KATEGORI!$B$2:$B$100),"OPERASIONAL") | G30: 12 | H30: 2025
A31: 08/12 | B31: BI-FAST DB BIF TRANSFER KE | C31: 10000000 | D31: 0 | E31: =IFERROR(LOOKUP(2^15,SEARCH(RULE_KATEGORI!$A$2:$A$100,B31),RULE_KATEGORI!$B$2:$B$100),"OPERASIONAL") | G31: 12 | H31: 2025
A32: 08/12 | B32: BI-FAST DB BIF BIAYA TXN KE | C32: 250000 | D32: 0 | E32: =IFERROR(LOOKUP(2^15,SEARCH(RULE_KATEGORI!$A$2:$A$100,B32),RULE_KATEGORI!$B$2:$B$100),"OPERASIONAL") | G32: 12 | H32: 2025
A33: 08/12 | B33: TRANSAKSI DEBIT TGL: 08/12 45,000.00 | C33: 0 | D33: 25249574 | E33: =IFERROR(LOOKUP(2^15,SEARCH(RULE_KATEGORI!$A$2:$A$100,B33),RULE_KATEGORI!$B$2:$B$100),"OPERASIONAL") | G33: 12 | H33: 2025
A34: 09/12 | B34: TRSF E-BANKING DB 0812/FTFVA/WS95271 55,000.00 | C34: 0 | D34: 19749574 | E34: =IFERROR(LOOKUP(2^15,SEARCH(RULE_KATEGORI!$A$2:$A$100,B34),RULE_KATEGORI!$B$2:$B$100),"OPERASIONAL") | G34: 12 | H34: 2025
A35: 09/12 | B35: TRSF E-BANKING DB 0912/FTSCY/WS95271 100,000.00 | C35: 0 | D35: 9749574 | E35: =IFERROR(LOOKUP(2^15,SEARCH(RULE_KATEGORI!$A$2:$A$100,B35),RULE_KATEGORI!$B$2:$B$100),"OPERASIONAL") | G35: 12 | H35: 2025
A36: 09/12 | B36: TRSF E-BANKING CR | C36: 0 | D36: 5000000 | E36: =IFERROR(LOOKUP(2^15,SEARCH(RULE_KATEGORI!$A$2:$A$100,B36),RULE_KATEGORI!$B$2:$B$100),"OPERASIONAL") | G36: 12 | H36: 2025
A37: 09/12 | B37: TRANSAKSI DEBIT TGL: 09/12 | C37: 1930000 | D37: 0 | E37: =IFERROR(LOOKUP(2^15,SEARCH(RULE_KATEGORI!$A$2:$A$100,B37),RULE_KATEGORI!$B$2:$B$100),"OPERASIONAL") | G37: 12 | H37: 2025
A38: 09/12 | B38: BYR VIA E-BANKING 09/12 WSID9527100 | C38: 5300000 | D38: 0 | E38: =IFERROR(LOOKUP(2^15,SEARCH(RULE_KATEGORI!$A$2:$A$100,B38),RULE_KATEGORI!$B$2:$B$100),"OPERASIONAL") | G38: 12 | H38: 2025
A39: 09/12 | B39: SWITCHING CR DR | C39: 451 | D39: 50000000 | E39: =IFERROR(LOOKUP(2^15,SEARCH(RULE_KATEGORI!$A$2:$A$100,B39),RULE_KATEGORI!$B$2:$B$100),"OPERASIONAL") | G39: 12 | H39: 2025
A40: 09/12 | B40: TRANSAKSI DEBIT TGL: 09/12 | C40: 1380000 | D40: 0 | E40: =IFERROR(LOOKUP(2^15,SEARCH(RULE_KATEGORI!$A$2:$A$100,B40),RULE_KATEGORI!$B$2:$B$100),"OPERASIONAL") | G40: 12 | H40: 2025
A41: 09/12 | B41: TRANSAKSI DEBIT TGL: 09/12 264,000.00 | C41: 0 | D41: 29739574 | E41: =IFERROR(LOOKUP(2^15,SEARCH(RULE_KATEGORI!$A$2:$A$100,B41),RULE_KATEGORI!$B$2:$B$100),"OPERASIONAL") | G41: 12 | H41: 2025
A42: 10/12 | B42: BI-FAST CR BIF TRANSFER | C42: 0 | D42: 1960000000 | E42: =IFERROR(LOOKUP(2^15,SEARCH(RULE_KATEGORI!$A$2:$A$100,B42),RULE_KATEGORI!$B$2:$B$100),"OPERASIONAL") | G42: 12 | H42: 2025
A43: 10/12 | B43: TRSF E-BANKING DB 1012/FTFVA/WS95271 | C43: 25174500 | D43: 0 | E43: =IFERROR(LOOKUP(2^15,SEARCH(RULE_KATEGORI!$A$2:$A$100,B43),RULE_KATEGORI!$B$2:$B$100),"OPERASIONAL") | G43: 12 | H43: 2025
A44: 10/12 | B44: BYR VIA E-BANKING 10/12 WSID9527100 | C44: 10300000 | D44: 0 | E44: =IFERROR(LOOKUP(2^15,SEARCH(RULE_KATEGORI!$A$2:$A$100,B44),RULE_KATEGORI!$B$2:$B$100),"OPERASIONAL") | G44: 12 | H44: 2025
A45: 10/12 | B45: TRSF E-BANKING DB 1012/FTFVA/WS95271 1,276,500.00 | C45: 0 | D45: 1826615074 | E45: =IFERROR(LOOKUP(2^15,SEARCH(RULE_KATEGORI!$A$2:$A$100,B45),RULE_KATEGORI!$B$2:$B$100),"OPERASIONAL") | G45: 12 | H45: 2025
A46: 10/12 | B46: TRSF E-BANKING DB 1012/FTSCY/WS95271 1,267,000.00 | C46: 0 | D46: 1699915074 | E46: =IFERROR(LOOKUP(2^15,SEARCH(RULE_KATEGORI!$A$2:$A$100,B46),RULE_KATEGORI!$B$2:$B$100),"OPERASIONAL") | G46: 12 | H46: 2025
A47: 10/12 | B47: TRSF E-BANKING DB 1012/FTSCY/WS95271 | C47: 10000000 | D47: 0 | E47: =IFERROR(LOOKUP(2^15,SEARCH(RULE_KATEGORI!$A$2:$A$100,B47),RULE_KATEGORI!$B$2:$B$100),"OPERASIONAL") | G47: 12 | H47: 2025
A48: 10/12 | B48: SWITCHING CR DR | C48: 008 | D48: 40000000 | E48: =IFERROR(LOOKUP(2^15,SEARCH(RULE_KATEGORI!$A$2:$A$100,B48),RULE_KATEGORI!$B$2:$B$100),"OPERASIONAL") | G48: 12 | H48: 2025
A49: 10/12 | B49: TRSF E-BANKING DB 1012/FTSCY/WS95271 | C49: 50000000 | D49: 0 | E49: =IFERROR(LOOKUP(2^15,SEARCH(RULE_KATEGORI!$A$2:$A$100,B49),RULE_KATEGORI!$B$2:$B$100),"OPERASIONAL") | G49: 12 | H49: 2025
A50: 10/12 | B50: BI-FAST DB BIF TRANSFER KE | C50: 50000000 | D50: 0 | E50: =IFERROR(LOOKUP(2^15,SEARCH(RULE_KATEGORI!$A$2:$A$100,B50),RULE_KATEGORI!$B$2:$B$100),"OPERASIONAL") | G50: 12 | H50: 2025
A51: 10/12 | B51: BI-FAST DB BIF BIAYA TXN KE | C51: 250000 | D51: 0 | E51: =IFERROR(LOOKUP(2^15,SEARCH(RULE_KATEGORI!$A$2:$A$100,B51),RULE_KATEGORI!$B$2:$B$100),"OPERASIONAL") | G51: 12 | H51: 2025
A52: 10/12 | B52: BI-FAST DB BIF TRANSFER KE | C52: 110000000 | D52: 0 | E52: =IFERROR(LOOKUP(2^15,SEARCH(RULE_KATEGORI!$A$2:$A$100,B52),RULE_KATEGORI!$B$2:$B$100),"OPERASIONAL") | G52: 12 | H52: 2025
A53: 10/12 | B53: BI-FAST DB BIF BIAYA TXN KE 2,500.00 | C53: 0 | D53: 1519415074 | E53: =IFERROR(LOOKUP(2^15,SEARCH(RULE_KATEGORI!$A$2:$A$100,B53),RULE_KATEGORI!$B$2:$B$100),"OPERASIONAL") | G53: 12 | H53: 2025
A54: 11/12 | B54: TRSF E-BANKING DB 1112/FTFVA/WS95271 | C54: 88026000 | D54: 0 | E54: =IFERROR(LOOKUP(2^15,SEARCH(RULE_KATEGORI!$A$2:$A$100,B54),RULE_KATEGORI!$B$2:$B$100),"OPERASIONAL") | G54: 12 | H54: 2025
A55: 11/12 | B55: BI-FAST DB BIF TRANSFER KE 500,000.00 | C55: 0 | D55: 1381389074 | E55: =IFERROR(LOOKUP(2^15,SEARCH(RULE_KATEGORI!$A$2:$A$100,B55),RULE_KATEGORI!$B$2:$B$100),"OPERASIONAL") | G55: 12 | H55: 2025
A56: 11/12 | B56: BI-FAST DB BIF BIAYA TXN KE 2,500.00 | C56: 0 | D56: 1381139074 | E56: =IFERROR(LOOKUP(2^15,SEARCH(RULE_KATEGORI!$A$2:$A$100,B56),RULE_KATEGORI!$B$2:$B$100),"OPERASIONAL") | G56: 12 | H56: 2025
A57: 11/12 | B57: BI-FAST DB BIF TRANSFER KE | C57: 50000000 | D57: 0 | E57: =IFERROR(LOOKUP(2^15,SEARCH(RULE_KATEGORI!$A$2:$A$100,B57),RULE_KATEGORI!$B$2:$B$100),"OPERASIONAL") | G57: 12 | H57: 2025
A58: 11/12 | B58: BI-FAST DB BIF BIAYA TXN KE | C58: 250000 | D58: 0 | E58: =IFERROR(LOOKUP(2^15,SEARCH(RULE_KATEGORI!$A$2:$A$100,B58),RULE_KATEGORI!$B$2:$B$100),"OPERASIONAL") | G58: 12 | H58: 2025
A59: 11/12 | B59: TRSF E-BANKING DB 1112/FTSCY/WS95271 | C59: 50000000 | D59: 0 | E59: =IFERROR(LOOKUP(2^15,SEARCH(RULE_KATEGORI!$A$2:$A$100,B59),RULE_KATEGORI!$B$2:$B$100),"OPERASIONAL") | G59: 12 | H59: 2025
A60: 11/12 | B60: TRSF E-BANKING DB 1112/FTSCY/WS95271 | C60: 60000000 | D60: 0 | E60: =IFERROR(LOOKUP(2^15,SEARCH(RULE_KATEGORI!$A$2:$A$100,B60),RULE_KATEGORI!$B$2:$B$100),"OPERASIONAL") | G60: 12 | H60: 2025
... A99: 15/12 | B99: TRSF E-BANKING DB 1512/FTSCY/WS95271 100,000.00 | C99: 0 | D99: 65089074 | E99: =IFERROR(LOOKUP(2^15,SEARCH(RULE_KATEGORI!$A$2:$A$100,B99),RULE_KATEGORI!$B$2:$B$100),"OPERASIONAL") | G99: 12 | H99: 2025
A100: 16/12 | B100: TRSF E-BANKING CR 1612/FTSCY/WS95031 | C100: 15000000 | D100: 80089074 | E100: =IFERROR(LOOKUP(2^15,SEARCH(RULE_KATEGORI!$A$2:$A$100,B100),RULE_KATEGORI!$B$2:$B$100),"OPERASIONAL") | G100: 12 | H100: 2025
A101: 16/12 | B101: BI-FAST DB BIF TRANSFER KE | C101: 15000000 | D101: 0 | E101: =IFERROR(LOOKUP(2^15,SEARCH(RULE_KATEGORI!$A$2:$A$100,B101),RULE_KATEGORI!$B$2:$B$100),"OPERASIONAL") | G101: 12 | H101: 2025
A102: 16/12 | B102: BI-FAST DB BIF BIAYA TXN KE 2,500.00 | C102: 0 | D102: 64839074 | E102: =IFERROR(LOOKUP(2^15,SEARCH(RULE_KATEGORI!$A$2:$A$100,B102),RULE_KATEGORI!$B$2:$B$100),"OPERASIONAL") | G102: 12 | H102: 2025
A103: 17/12 | B103: TRSF E-BANKING DB 1712/FTFVA/WS95271 | C103: 5000000 | D103: 0 | E103: =IFERROR(LOOKUP(2^15,SEARCH(RULE_KATEGORI!$A$2:$A$100,B103),RULE_KATEGORI!$B$2:$B$100),"OPERASIONAL") | G103: 12 | H103: 2025
A104: 17/12 | B104: BYR VIA E-BANKING 17/12 WSID9527100 | C104: 10300000 | D104: 0 | E104: =IFERROR(LOOKUP(2^15,SEARCH(RULE_KATEGORI!$A$2:$A$100,B104),RULE_KATEGORI!$B$2:$B$100),"OPERASIONAL") | G104: 12 | H104: 2025
A105: 17/12 | B105: TRANSAKSI DEBIT TGL: 17/12 | C105: 3500000 | D105: 0 | E105: =IFERROR(LOOKUP(2^15,SEARCH(RULE_KATEGORI!$A$2:$A$100,B105),RULE_KATEGORI!$B$2:$B$100),"OPERASIONAL") | G105: 12 | H105: 2025
A106: 17/12 | B106: TRANSAKSI DEBIT TGL: 17/12 | C106: 5000000 | D106: 0 | E106: =IFERROR(LOOKUP(2^15,SEARCH(RULE_KATEGORI!$A$2:$A$100,B106),RULE_KATEGORI!$B$2:$B$100),"OPERASIONAL") | G106: 12 | H106: 2025
A107: 17/12 | B107: TRANSAKSI DEBIT TGL: 17/12 | C107: 5000000 | D107: 0 | E107: =IFERROR(LOOKUP(2^15,SEARCH(RULE_KATEGORI!$A$2:$A$100,B107),RULE_KATEGORI!$B$2:$B$100),"OPERASIONAL") | G107: 12 | H107: 2025
A108: 17/12 | B108: TRANSAKSI DEBIT TGL: 17/12 48,000.00 | C108: 0 | D108: 31239074 | E108: =IFERROR(LOOKUP(2^15,SEARCH(RULE_KATEGORI!$A$2:$A$100,B108),RULE_KATEGORI!$B$2:$B$100),"OPERASIONAL") | G108: 12 | H108: 2025
A109: 18/12 | B109: TRSF E-BANKING DB 1812/FTFVA/WS95271 21,000.00 | C109: 0 | D109: 29139074 | E109: =IFERROR(LOOKUP(2^15,SEARCH(RULE_KATEGORI!$A$2:$A$100,B109),RULE_KATEGORI!$B$2:$B$100),"OPERASIONAL") | G109: 12 | H109: 2025
A110: 18/12 | B110: TRSF E-BANKING DB 1812/FTFVA/WS95271 155,000.00 | C110: 0 | D110: 13639074 | E110: =IFERROR(LOOKUP(2^15,SEARCH(RULE_KATEGORI!$A$2:$A$100,B110),RULE_KATEGORI!$B$2:$B$100),"OPERASIONAL") | G110: 12 | H110: 2025
A111: 19/12 | B111: BIAYA ADM 20,000.00 | C111: 0 | D111: 11639074 | E111: =IFERROR(LOOKUP(2^15,SEARCH(RULE_KATEGORI!$A$2:$A$100,B111),RULE_KATEGORI!$B$2:$B$100),"OPERASIONAL") | G111: 12 | H111: 2025
A112: 20/12 | B112: TRSF E-BANKING DB 1912/FTFVA/WS95271 | C112: 2100000 | D112: 0 | E112: =IFERROR(LOOKUP(2^15,SEARCH(RULE_KATEGORI!$A$2:$A$100,B112),RULE_KATEGORI!$B$2:$B$100),"OPERASIONAL") | G112: 12 | H112: 2025
... A141: 24/12 | B141: BYR VIA E-BANKING 24/12 WSID9527100 103,000.00 | C141: 0 | D141: 41689074 | E141: =IFERROR(LOOKUP(2^15,SEARCH(RULE_KATEGORI!$A$2:$A$100,B141),RULE_KATEGORI!$B$2:$B$100),"OPERASIONAL") | G141: 12 | H141: 2025
A142: 24/12 | B142: BI-FAST CR BIF TRANSFER DR | C142: 5000000 | D142: 46689074 | E142: =IFERROR(LOOKUP(2^15,SEARCH(RULE_KATEGORI!$A$2:$A$100,B142),RULE_KATEGORI!$B$2:$B$100),"OPERASIONAL") | G142: 12 | H142: 2025
A143: 24/12 | B143: TRSF E-BANKING DB 2412/FTSCY/WS95271 | C143: 20000000 | D143: 0 | E143: =IFERROR(LOOKUP(2^15,SEARCH(RULE_KATEGORI!$A$2:$A$100,B143),RULE_KATEGORI!$B$2:$B$100),"OPERASIONAL") | G143: 12 | H143: 2025
A144: 24/12 | B144: TRSF E-BANKING CR 2412/FTSCY/WS95031 | C144: 15000000 | D144: 41689074 | E144: =IFERROR(LOOKUP(2^15,SEARCH(RULE_KATEGORI!$A$2:$A$100,B144),RULE_KATEGORI!$B$2:$B$100),"OPERASIONAL") | G144: 12 | H144: 2025
A145: 25/12 | B145: TRSF E-BANKING DB 2512/FTSCY/WS95271 | C145: 20000000 | D145: 0 | E145: =IFERROR(LOOKUP(2^15,SEARCH(RULE_KATEGORI!$A$2:$A$100,B145),RULE_KATEGORI!$B$2:$B$100),"OPERASIONAL") | G145: 12 | H145: 2025
A146: 25/12 | B146: TRANSAKSI DEBIT TGL: 25/12 | C146: 3280000 | D146: 0 | E146: =IFERROR(LOOKUP(2^15,SEARCH(RULE_KATEGORI!$A$2:$A$100,B146),RULE_KATEGORI!$B$2:$B$100),"OPERASIONAL") | G146: 12 | H146: 2025
A147: 25/12 | B147: TRSF E-BANKING CR | C147: 0 | D147: 38000000 | E147: =IFERROR(LOOKUP(2^15,SEARCH(RULE_KATEGORI!$A$2:$A$100,B147),RULE_KATEGORI!$B$2:$B$100),"OPERASIONAL") | G147: 12 | H147: 2025
A148: 25/12 | B148: TRSF E-BANKING DB 2512/FTSCY/WS95271 500,000.00 | C148: 0 | D148: 6409074 | E148: =IFERROR(LOOKUP(2^15,SEARCH(RULE_KATEGORI!$A$2:$A$100,B148),RULE_KATEGORI!$B$2:$B$100),"OPERASIONAL") | G148: 12 | H148: 2025
A149: 26/12 | B149: BI-FAST CR BIF TRANSFER | C149: 0 | D149: 1300000000 | E149: =IFERROR(LOOKUP(2^15,SEARCH(RULE_KATEGORI!$A$2:$A$100,B149),RULE_KATEGORI!$B$2:$B$100),"OPERASIONAL") | G149: 12 | H149: 2025
A150: 26/12 | B150: TARIKAN ATM 26/12 | C150: 10000000 | D150: 0 | E150: =IFERROR(LOOKUP(2^15,SEARCH(RULE_KATEGORI!$A$2:$A$100,B150),RULE_KATEGORI!$B$2:$B$100),"OPERASIONAL") | G150: 12 | H150: 2025
A151: 26/12 | B151: TRANSAKSI DEBIT TGL: 26/12 | C151: 2400000 | D151: 0 | E151: =IFERROR(LOOKUP(2^15,SEARCH(RULE_KATEGORI!$A$2:$A$100,B151),RULE_KATEGORI!$B$2:$B$100),"OPERASIONAL") | G151: 12 | H151: 2025
A152: 26/12 | B152: TRANSAKSI DEBIT TGL: 26/12 | C152: 2550000 | D152: 0 | E152: =IFERROR(LOOKUP(2^15,SEARCH(RULE_KATEGORI!$A$2:$A$100,B152),RULE_KATEGORI!$B$2:$B$100),"OPERASIONAL") | G152: 12 | H152: 2025
A153: 26/12 | B153: TRANSAKSI DEBIT TGL: 26/12 | C153: 6000000 | D153: 0 | E153: =IFERROR(LOOKUP(2^15,SEARCH(RULE_KATEGORI!$A$2:$A$100,B153),RULE_KATEGORI!$B$2:$B$100),"OPERASIONAL") | G153: 12 | H153: 2025
A154: 26/12 | B154: TRSF E-BANKING DB 2612/FTFVA/WS95271 190,000.00 | C154: 0 | D154: 1266459074 | E154: =IFERROR(LOOKUP(2^15,SEARCH(RULE_KATEGORI!$A$2:$A$100,B154),RULE_KATEGORI!$B$2:$B$100),"OPERASIONAL") | G154: 12 | H154: 2025
A155: 26/12 | B155: SWITCHING WITHDRAWAL DI ALTO 100,000.00 | C155: 0 | D155: 1256459074 | E155: =IFERROR(LOOKUP(2^15,SEARCH(RULE_KATEGORI!$A$2:$A$100,B155),RULE_KATEGORI!$B$2:$B$100),"OPERASIONAL") | G155: 12 | H155: 2025
A156: 26/12 | B156: SWITCHING BIAYA TXN DI ALTO 7,500.00 | C156: 0 | D156: 1255709074 | E156: =IFERROR(LOOKUP(2^15,SEARCH(RULE_KATEGORI!$A$2:$A$100,B156),RULE_KATEGORI!$B$2:$B$100),"OPERASIONAL") | G156: 12 | H156: 2025
... A205: 31/12 | B205: TRSF E-BANKING DB 3112/FTSCY/WS95271 1,000,000.00 | C205: 0 | D205: 423090074 | E205: =IFERROR(LOOKUP(2^15,SEARCH(RULE_KATEGORI!$A$2:$A$100,B205),RULE_KATEGORI!$B$2:$B$100),"OPERASIONAL") | G205: 12 | H205: 2025

Sheet SUMMARY
A1: SUMMARY PER KATEGORI
A2: Kategori | B2: Total (Rp)
A3: PEMASUKAN | B3: =SUMIF(MASTER_DATA!E:E,"PEMASUKAN*",MASTER_DATA!C:C)+SUMIF(MASTER_DATA!E:E,"PEMASUKAN*",MASTER_DATA!D:D)
A4: GAJI | B4: =SUMIF(MASTER_DATA!E:E,"GAJI*",MASTER_DATA!C:C)+SUMIF(MASTER_DATA!E:E,"GAJI*",MASTER_DATA!D:D)
A5: BELANJA ONLINE | B5: =SUMIF(MASTER_DATA!E:E,"BELANJA ONLINE*",MASTER_DATA!C:C)+SUMIF(MASTER_DATA!E:E,"BELANJA ONLINE*",MASTER_DATA!D:D)
A6: OPERASIONAL | B6: =SUMIF(MASTER_DATA!E:E,"OPERASIONAL*",MASTER_DATA!C:C)+SUMIF(MASTER_DATA!E:E,"OPERASIONAL*",MASTER_DATA!D:D)
A7: LISTRIK | B7: =SUMIF(MASTER_DATA!E:E,"LISTRIK*",MASTER_DATA!C:C)+SUMIF(MASTER_DATA!E:E,"LISTRIK*",MASTER_DATA!D:D)
A8: PRIVE | B8: =SUMIF(MASTER_DATA!E:E,"PRIVE*",MASTER_DATA!C:C)+SUMIF(MASTER_DATA!E:E,"PRIVE*",MASTER_DATA!D:D)

Sheet LABA_RUGI
A1: LAPORAN LABA RUGI
A2: Pendapatan | B2: =SUMIF(MASTER_DATA!E:E,"PEMASUKAN*",MASTER_DATA!D:D)
A3: Beban | B3: =SUM(MASTER_DATA!C:C)
A4: Laba Bersih | B4: =B2-B3

Sheet NERACA
A1: NERACA
A2: ASET
A3: Kas/Bank | B3: =SUMMARY!B2
A5: MODAL
A6: Modal Awal | B6: 0
A7: Laba Ditahan | B7: =SUMMARY!B4
A8: Prive | B8: =SUMIF(MASTER_DATA!E:E,"PRIVE",MASTER_DATA!C:C)

Sheet GRAFIK
A1: DASHBOARD GRAFIK
A2: Keterangan | B2: Nilai
A3: Pemasukan | B3: =SUMMARY!B2
A4: Pengeluaran | B4: =SUMMARY!B3
A5: Laba | B5: =SUMMARY!B4
A7: Kategori | B7: Total
A8: PEMASUKAN | B8: =SUMIF(MASTER_DATA!E:E,"PEMASUKAN",MASTER_DATA!C:C)+SUMIF(MASTER_DATA!E:E,"PEMASUKAN",MASTER_DATA!D:D)
A9: GAJI | B9: =SUMIF(MASTER_DATA!E:E,"GAJI",MASTER_DATA!C:C)+SUMIF(MASTER_DATA!E:E,"GAJI",MASTER_DATA!D:D)
A10: BELANJA ONLINE | B10: =SUMIF(MASTER_DATA!E:E,"BELANJA ONLINE",MASTER_DATA!C:C)+SUMIF(MASTER_DATA!E:E,"BELANJA ONLINE",MASTER_DATA!D:D)
A11: OPERASIONAL | B11: =SUMIF(MASTER_DATA!E:E,"OPERASIONAL",MASTER_DATA!C:C)+SUMIF(MASTER_DATA!E:E,"OPERASIONAL",MASTER_DATA!D:D)
A12: LISTRIK | B12: =SUMIF(MASTER_DATA!E:E,"LISTRIK",MASTER_DATA!C:C)+SUMIF(MASTER_DATA!E:E,"LISTRIK",MASTER_DATA!D:D)
A13: PRIVE | B13: =SUMIF(MASTER_DATA!E:E,"PRIVE",MASTER_DATA!C:C)+SUMIF(MASTER_DATA!E:E,"PRIVE",MASTER_DATA!D:D)

Sheet RULE_KATEGORI
A1: Keyword BCA | B1: Kategori
A2: TRF DARI | B2: PEMASUKAN
A3: SETOR | B3: PEMASUKAN
A4: GAJI | B4: GAJI
A5: UPAH | B5: GAJI
A6: SHOPEE | B6: BELANJA ONLINE
A7: TOKOPEDIA | B7: BELANJA ONLINE
A8: GOJEK | B8: BELANJA ONLINE
A9: GRAB | B9: BELANJA ONLINE
A10: PLN | B10: LISTRIK
A11: TOKEN | B11: LISTRIK
A12: BBM | B12: OPERASIONAL
... A14: PRIVE | B14: PRIVE

Sheet TEMPLATE_BULANAN
A1: Bulan | B1: Total Pemasukan | C1: Total Pengeluaran | D1: Laba Bersih
A2: Jan | B2: =SUMIFS(MASTER_DATA!D:D,MASTER_DATA!F:F,"01") | C2: =SUMIFS(MASTER_DATA!C:C,MASTER_DATA!F:F,"01") | D2: =B2-C2
A3: Feb | B3: =SUMIFS(MASTER_DATA!D:D,MASTER_DATA!F:F,"02") | C3: =SUMIFS(MASTER_DATA!C:C,MASTER_DATA!F:F,"02") | D3: =B3-C3
A4: Mar | B4: =SUMIFS(MASTER_DATA!D:D,MASTER_DATA!F:F,"03") | C4: =SUMIFS(MASTER_DATA!C:C,MASTER_DATA!F:F,"03") | D4: =B4-C4
A5: Apr | B5: =SUMIFS(MASTER_DATA!D:D,MASTER_DATA!F:F,"04") | C5: =SUMIFS(MASTER_DATA!C:C,MASTER_DATA!F:F,"04") | D5: =B5-C5
A6: Mei | B6: =SUMIFS(MASTER_DATA!D:D,MASTER_DATA!F:F,"05") | C6: =SUMIFS(MASTER_DATA!C:C,MASTER_DATA!F:F,"05") | D6: =B6-C6
A7: Jun | B7: =SUMIFS(MASTER_DATA!D:D,MASTER_DATA!F:F,"06") | C7: =SUMIFS(MASTER_DATA!C:C,MASTER_DATA!F:F,"06") | D7: =B7-C7
A8: Jul | B8: =SUMIFS(MASTER_DATA!D:D,MASTER_DATA!F:F,"07") | C8: =SUMIFS(MASTER_DATA!C:C,MASTER_DATA!F:F,"07") | D8: =B8-C8
A9: Agu | B9: =SUMIFS(MASTER_DATA!D:D,MASTER_DATA!F:F,"08") | C9: =SUMIFS(MASTER_DATA!C:C,MASTER_DATA!F:F,"08") | D9: =B9-C9
A10: Sep | B10: =SUMIFS(MASTER_DATA!D:D,MASTER_DATA!F:F,"09") | C10: =SUMIFS(MASTER_DATA!C:C,MASTER_DATA!F:F,"09") | D10: =B10-C10
A11: Okt | B11: =SUMIFS(MASTER_DATA!D:D,MASTER_DATA!F:F,"10") | C11: =SUMIFS(MASTER_DATA!C:C,MASTER_DATA!F:F,"10") | D11: =B11-C11
A12: Nov | B12: =SUMIFS(MASTER_DATA!D:D,MASTER_DATA!F:F,"11") | C12: =SUMIFS(MASTER_DATA!C:C,MASTER_DATA!F:F,"11") | D12: =B12-C12
A13: Des | B13: =SUMIFS(MASTER_DATA!D:D,MASTER_DATA!F:F,"12") | C13: =SUMIFS(MASTER_DATA!C:C,MASTER_DATA!F:F,"12") | D13: =B13-C13
